no,plant,animal,w,layer
1,pm1933,Columba.palumbus,0,SD
2,pm1933,Garrulus.glandarius,4,SD
3,pm1933,Turdus.merula,6,SD
4,pm1933,Phoenicurus.ochruros,20,SD
5,pm1933,Erithacus.rubecula,5,SD
6,pm1933,Parus.ater,20,SD
7,pm1933,Fringilla.coelebs,48,SD
8,pm1933,Sylvia.conspicillata,2,SD
9,pm1933,Sylvia.atricapilla,7,SD
10,pm1933,Turdus.viscivorus,18,SD
11,pm1933,Sylvia.communis,7,SD
12,pm1933,Sylvia.melanocephala,2,SD
13,pm1933,Sylvia.borin,3,SD
14,pm1933,Parus.caeruleus,2,SD
15,pm1933,Phoenicurus.phoenicurus,2,SD
16,pm1933,Parus.cristatus,0,SD
17,pm1933,Parus.major,3,SD
18,pm1933,Sylvia.cantillans,0,SD
19,pm1933,Sitta.europaea,0,SD
20,pm1933,Dendrocopos.major,0,SD
21,pm1933,Unidentified,0,SD
22,pm1931,Columba.palumbus,0,SD
23,pm1931,Garrulus.glandarius,2,SD
24,pm1931,Turdus.merula,1,SD
25,pm1931,Phoenicurus.ochruros,64,SD
26,pm1931,Erithacus.rubecula,3,SD
27,pm1931,Parus.ater,10,SD
28,pm1931,Fringilla.coelebs,51,SD
29,pm1931,Sylvia.conspicillata,2,SD
30,pm1931,Sylvia.atricapilla,2,SD
31,pm1931,Turdus.viscivorus,2,SD
32,pm1931,Sylvia.communis,11,SD
33,pm1931,Sylvia.melanocephala,0,SD
34,pm1931,Sylvia.borin,0,SD
35,pm1931,Parus.caeruleus,2,SD
36,pm1931,Phoenicurus.phoenicurus,13,SD
37,pm1931,Parus.cristatus,3,SD
38,pm1931,Parus.major,4,SD
39,pm1931,Sylvia.cantillans,1,SD
40,pm1931,Sitta.europaea,0,SD
41,pm1931,Dendrocopos.major,0,SD
42,pm1931,Unidentified,1,SD
43,pm1932,Columba.palumbus,0,SD
44,pm1932,Garrulus.glandarius,2,SD
45,pm1932,Turdus.merula,3,SD
46,pm1932,Phoenicurus.ochruros,33,SD
47,pm1932,Erithacus.rubecula,0,SD
48,pm1932,Parus.ater,21,SD
49,pm1932,Fringilla.coelebs,34,SD
50,pm1932,Sylvia.conspicillata,0,SD
51,pm1932,Sylvia.atricapilla,0,SD
52,pm1932,Turdus.viscivorus,1,SD
53,pm1932,Sylvia.communis,2,SD
54,pm1932,Sylvia.melanocephala,1,SD
55,pm1932,Sylvia.borin,0,SD
56,pm1932,Parus.caeruleus,0,SD
57,pm1932,Phoenicurus.phoenicurus,6,SD
58,pm1932,Parus.cristatus,0,SD
59,pm1932,Parus.major,3,SD
60,pm1932,Sylvia.cantillans,1,SD
61,pm1932,Sitta.europaea,0,SD
62,pm1932,Dendrocopos.major,0,SD
63,pm1932,Unidentified,0,SD
64,pm1934,Columba.palumbus,0,SD
65,pm1934,Garrulus.glandarius,1,SD
66,pm1934,Turdus.merula,0,SD
67,pm1934,Phoenicurus.ochruros,8,SD
68,pm1934,Erithacus.rubecula,0,SD
69,pm1934,Parus.ater,8,SD
70,pm1934,Fringilla.coelebs,6,SD
71,pm1934,Sylvia.conspicillata,0,SD
72,pm1934,Sylvia.atricapilla,0,SD
73,pm1934,Turdus.viscivorus,0,SD
74,pm1934,Sylvia.communis,0,SD
75,pm1934,Sylvia.melanocephala,0,SD
76,pm1934,Sylvia.borin,0,SD
77,pm1934,Parus.caeruleus,0,SD
78,pm1934,Phoenicurus.phoenicurus,2,SD
79,pm1934,Parus.cristatus,2,SD
80,pm1934,Parus.major,0,SD
81,pm1934,Sylvia.cantillans,0,SD
82,pm1934,Sitta.europaea,0,SD
83,pm1934,Dendrocopos.major,0,SD
84,pm1934,Unidentified,0,SD
85,pm1936,Columba.palumbus,0,SD
86,pm1936,Garrulus.glandarius,0,SD
87,pm1936,Turdus.merula,2,SD
88,pm1936,Phoenicurus.ochruros,5,SD
89,pm1936,Erithacus.rubecula,2,SD
90,pm1936,Parus.ater,0,SD
91,pm1936,Fringilla.coelebs,1,SD
92,pm1936,Sylvia.conspicillata,0,SD
93,pm1936,Sylvia.atricapilla,0,SD
94,pm1936,Turdus.viscivorus,0,SD
95,pm1936,Sylvia.communis,3,SD
96,pm1936,Sylvia.melanocephala,4,SD
97,pm1936,Sylvia.borin,0,SD
98,pm1936,Parus.caeruleus,0,SD
99,pm1936,Phoenicurus.phoenicurus,0,SD
100,pm1936,Parus.cristatus,0,SD
101,pm1936,Parus.major,0,SD
102,pm1936,Sylvia.cantillans,1,SD
103,pm1936,Sitta.europaea,0,SD
104,pm1936,Dendrocopos.major,0,SD
105,pm1936,Unidentified,0,SD
106,pm1937,Columba.palumbus,0,SD
107,pm1937,Garrulus.glandarius,0,SD
108,pm1937,Turdus.merula,20,SD
109,pm1937,Phoenicurus.ochruros,20,SD
110,pm1937,Erithacus.rubecula,6,SD
111,pm1937,Parus.ater,4,SD
112,pm1937,Fringilla.coelebs,15,SD
113,pm1937,Sylvia.conspicillata,0,SD
114,pm1937,Sylvia.atricapilla,1,SD
115,pm1937,Turdus.viscivorus,0,SD
116,pm1937,Sylvia.communis,25,SD
117,pm1937,Sylvia.melanocephala,3,SD
118,pm1937,Sylvia.borin,0,SD
119,pm1937,Parus.caeruleus,12,SD
120,pm1937,Phoenicurus.phoenicurus,7,SD
121,pm1937,Parus.cristatus,0,SD
122,pm1937,Parus.major,0,SD
123,pm1937,Sylvia.cantillans,3,SD
124,pm1937,Sitta.europaea,0,SD
125,pm1937,Dendrocopos.major,0,SD
126,pm1937,Unidentified,0,SD
127,pm1938,Columba.palumbus,0,SD
128,pm1938,Garrulus.glandarius,0,SD
129,pm1938,Turdus.merula,8,SD
130,pm1938,Phoenicurus.ochruros,13,SD
131,pm1938,Erithacus.rubecula,12,SD
132,pm1938,Parus.ater,4,SD
133,pm1938,Fringilla.coelebs,10,SD
134,pm1938,Sylvia.conspicillata,0,SD
135,pm1938,Sylvia.atricapilla,3,SD
136,pm1938,Turdus.viscivorus,1,SD
137,pm1938,Sylvia.communis,27,SD
138,pm1938,Sylvia.melanocephala,7,SD
139,pm1938,Sylvia.borin,0,SD
140,pm1938,Parus.caeruleus,8,SD
141,pm1938,Phoenicurus.phoenicurus,5,SD
142,pm1938,Parus.cristatus,0,SD
143,pm1938,Parus.major,4,SD
144,pm1938,Sylvia.cantillans,4,SD
145,pm1938,Sitta.europaea,0,SD
146,pm1938,Dendrocopos.major,0,SD
147,pm1938,Unidentified,0,SD
148,pm1939,Columba.palumbus,0,SD
149,pm1939,Garrulus.glandarius,0,SD
150,pm1939,Turdus.merula,6,SD
151,pm1939,Phoenicurus.ochruros,4,SD
152,pm1939,Erithacus.rubecula,16,SD
153,pm1939,Parus.ater,5,SD
154,pm1939,Fringilla.coelebs,31,SD
155,pm1939,Sylvia.conspicillata,0,SD
156,pm1939,Sylvia.atricapilla,1,SD
157,pm1939,Turdus.viscivorus,0,SD
158,pm1939,Sylvia.communis,6,SD
159,pm1939,Sylvia.melanocephala,1,SD
160,pm1939,Sylvia.borin,0,SD
161,pm1939,Parus.caeruleus,5,SD
162,pm1939,Phoenicurus.phoenicurus,0,SD
163,pm1939,Parus.cristatus,1,SD
164,pm1939,Parus.major,0,SD
165,pm1939,Sylvia.cantillans,1,SD
166,pm1939,Sitta.europaea,1,SD
167,pm1939,Dendrocopos.major,0,SD
168,pm1939,Unidentified,0,SD
169,pm1940,Columba.palumbus,0,SD
170,pm1940,Garrulus.glandarius,0,SD
171,pm1940,Turdus.merula,4,SD
172,pm1940,Phoenicurus.ochruros,14,SD
173,pm1940,Erithacus.rubecula,26,SD
174,pm1940,Parus.ater,3,SD
175,pm1940,Fringilla.coelebs,39,SD
176,pm1940,Sylvia.conspicillata,0,SD
177,pm1940,Sylvia.atricapilla,6,SD
178,pm1940,Turdus.viscivorus,0,SD
179,pm1940,Sylvia.communis,3,SD
180,pm1940,Sylvia.melanocephala,4,SD
181,pm1940,Sylvia.borin,0,SD
182,pm1940,Parus.caeruleus,7,SD
183,pm1940,Phoenicurus.phoenicurus,1,SD
184,pm1940,Parus.cristatus,1,SD
185,pm1940,Parus.major,0,SD
186,pm1940,Sylvia.cantillans,0,SD
187,pm1940,Sitta.europaea,0,SD
188,pm1940,Dendrocopos.major,0,SD
189,pm1940,Unidentified,0,SD
190,pm1921,Columba.palumbus,1,SD
191,pm1921,Garrulus.glandarius,2,SD
192,pm1921,Turdus.merula,3,SD
193,pm1921,Phoenicurus.ochruros,65,SD
194,pm1921,Erithacus.rubecula,0,SD
195,pm1921,Parus.ater,0,SD
196,pm1921,Fringilla.coelebs,28,SD
197,pm1921,Sylvia.conspicillata,0,SD
198,pm1921,Sylvia.atricapilla,1,SD
199,pm1921,Turdus.viscivorus,0,SD
200,pm1921,Sylvia.communis,3,SD
201,pm1921,Sylvia.melanocephala,0,SD
202,pm1921,Sylvia.borin,0,SD
203,pm1921,Parus.caeruleus,2,SD
204,pm1921,Phoenicurus.phoenicurus,42,SD
205,pm1921,Parus.cristatus,0,SD
206,pm1921,Parus.major,0,SD
207,pm1921,Sylvia.cantillans,0,SD
208,pm1921,Sitta.europaea,0,SD
209,pm1921,Dendrocopos.major,0,SD
210,pm1921,Unidentified,2,SD
211,pm1823,Columba.palumbus,0,SD
212,pm1823,Garrulus.glandarius,20,SD
213,pm1823,Turdus.merula,11,SD
214,pm1823,Phoenicurus.ochruros,27,SD
215,pm1823,Erithacus.rubecula,15,SD
216,pm1823,Parus.ater,59,SD
217,pm1823,Fringilla.coelebs,147,SD
218,pm1823,Sylvia.conspicillata,0,SD
219,pm1823,Sylvia.atricapilla,2,SD
220,pm1823,Turdus.viscivorus,168,SD
221,pm1823,Sylvia.communis,0,SD
222,pm1823,Sylvia.melanocephala,0,SD
223,pm1823,Sylvia.borin,0,SD
224,pm1823,Parus.caeruleus,25,SD
225,pm1823,Phoenicurus.phoenicurus,3,SD
226,pm1823,Parus.cristatus,0,SD
227,pm1823,Parus.major,7,SD
228,pm1823,Sylvia.cantillans,0,SD
229,pm1823,Sitta.europaea,9,SD
230,pm1823,Dendrocopos.major,7,SD
231,pm1823,Unidentified,1,SD
232,pm1824,Columba.palumbus,0,SD
233,pm1824,Garrulus.glandarius,1,SD
234,pm1824,Turdus.merula,16,SD
235,pm1824,Phoenicurus.ochruros,31,SD
236,pm1824,Erithacus.rubecula,9,SD
237,pm1824,Parus.ater,6,SD
238,pm1824,Fringilla.coelebs,37,SD
239,pm1824,Sylvia.conspicillata,0,SD
240,pm1824,Sylvia.atricapilla,1,SD
241,pm1824,Turdus.viscivorus,66,SD
242,pm1824,Sylvia.communis,0,SD
243,pm1824,Sylvia.melanocephala,0,SD
244,pm1824,Sylvia.borin,0,SD
245,pm1824,Parus.caeruleus,8,SD
246,pm1824,Phoenicurus.phoenicurus,3,SD
247,pm1824,Parus.cristatus,0,SD
248,pm1824,Parus.major,0,SD
249,pm1824,Sylvia.cantillans,0,SD
250,pm1824,Sitta.europaea,0,SD
251,pm1824,Dendrocopos.major,0,SD
252,pm1824,Unidentified,2,SD
253,pm1820,Columba.palumbus,0,SD
254,pm1820,Garrulus.glandarius,7,SD
255,pm1820,Turdus.merula,1,SD
256,pm1820,Phoenicurus.ochruros,26,SD
257,pm1820,Erithacus.rubecula,1,SD
258,pm1820,Parus.ater,2,SD
259,pm1820,Fringilla.coelebs,39,SD
260,pm1820,Sylvia.conspicillata,0,SD
261,pm1820,Sylvia.atricapilla,0,SD
262,pm1820,Turdus.viscivorus,10,SD
263,pm1820,Sylvia.communis,0,SD
264,pm1820,Sylvia.melanocephala,0,SD
265,pm1820,Sylvia.borin,0,SD
266,pm1820,Parus.caeruleus,0,SD
267,pm1820,Phoenicurus.phoenicurus,1,SD
268,pm1820,Parus.cristatus,0,SD
269,pm1820,Parus.major,0,SD
270,pm1820,Sylvia.cantillans,0,SD
271,pm1820,Sitta.europaea,0,SD
272,pm1820,Dendrocopos.major,0,SD
273,pm1820,Unidentified,0,SD
274,pm1825,Columba.palumbus,0,SD
275,pm1825,Garrulus.glandarius,4,SD
276,pm1825,Turdus.merula,1,SD
277,pm1825,Phoenicurus.ochruros,28,SD
278,pm1825,Erithacus.rubecula,3,SD
279,pm1825,Parus.ater,10,SD
280,pm1825,Fringilla.coelebs,87,SD
281,pm1825,Sylvia.conspicillata,0,SD
282,pm1825,Sylvia.atricapilla,0,SD
283,pm1825,Turdus.viscivorus,13,SD
284,pm1825,Sylvia.communis,0,SD
285,pm1825,Sylvia.melanocephala,0,SD
286,pm1825,Sylvia.borin,0,SD
287,pm1825,Parus.caeruleus,1,SD
288,pm1825,Phoenicurus.phoenicurus,2,SD
289,pm1825,Parus.cristatus,2,SD
290,pm1825,Parus.major,1,SD
291,pm1825,Sylvia.cantillans,0,SD
292,pm1825,Sitta.europaea,5,SD
293,pm1825,Dendrocopos.major,0,SD
294,pm1825,Unidentified,0,SD
295,pm1929,Columba.palumbus,0,SD
296,pm1929,Garrulus.glandarius,0,SD
297,pm1929,Turdus.merula,0,SD
298,pm1929,Phoenicurus.ochruros,9,SD
299,pm1929,Erithacus.rubecula,0,SD
300,pm1929,Parus.ater,0,SD
301,pm1929,Fringilla.coelebs,1,SD
302,pm1929,Sylvia.conspicillata,0,SD
303,pm1929,Sylvia.atricapilla,0,SD
304,pm1929,Turdus.viscivorus,0,SD
305,pm1929,Sylvia.communis,5,SD
306,pm1929,Sylvia.melanocephala,0,SD
307,pm1929,Sylvia.borin,0,SD
308,pm1929,Parus.caeruleus,0,SD
309,pm1929,Phoenicurus.phoenicurus,2,SD
310,pm1929,Parus.cristatus,0,SD
311,pm1929,Parus.major,0,SD
312,pm1929,Sylvia.cantillans,0,SD
313,pm1929,Sitta.europaea,0,SD
314,pm1929,Dendrocopos.major,0,SD
315,pm1929,Unidentified,0,SD
316,pm8801,Columba.palumbus,0,SD
317,pm8801,Garrulus.glandarius,6,SD
318,pm8801,Turdus.merula,4,SD
319,pm8801,Phoenicurus.ochruros,134,SD
320,pm8801,Erithacus.rubecula,14,SD
321,pm8801,Parus.ater,21,SD
322,pm8801,Fringilla.coelebs,47,SD
323,pm8801,Sylvia.conspicillata,0,SD
324,pm8801,Sylvia.atricapilla,0,SD
325,pm8801,Turdus.viscivorus,24,SD
326,pm8801,Sylvia.communis,32,SD
327,pm8801,Sylvia.melanocephala,0,SD
328,pm8801,Sylvia.borin,1,SD
329,pm8801,Parus.caeruleus,33,SD
330,pm8801,Phoenicurus.phoenicurus,13,SD
331,pm8801,Parus.cristatus,1,SD
332,pm8801,Parus.major,4,SD
333,pm8801,Sylvia.cantillans,27,SD
334,pm8801,Sitta.europaea,0,SD
335,pm8801,Dendrocopos.major,0,SD
336,pm8801,Unidentified,0,SD
337,pm8808,Columba.palumbus,0,SD
338,pm8808,Garrulus.glandarius,8,SD
339,pm8808,Turdus.merula,5,SD
340,pm8808,Phoenicurus.ochruros,8,SD
341,pm8808,Erithacus.rubecula,7,SD
342,pm8808,Parus.ater,33,SD
343,pm8808,Fringilla.coelebs,24,SD
344,pm8808,Sylvia.conspicillata,0,SD
345,pm8808,Sylvia.atricapilla,1,SD
346,pm8808,Turdus.viscivorus,34,SD
347,pm8808,Sylvia.communis,5,SD
348,pm8808,Sylvia.melanocephala,0,SD
349,pm8808,Sylvia.borin,1,SD
350,pm8808,Parus.caeruleus,2,SD
351,pm8808,Phoenicurus.phoenicurus,3,SD
352,pm8808,Parus.cristatus,1,SD
353,pm8808,Parus.major,0,SD
354,pm8808,Sylvia.cantillans,2,SD
355,pm8808,Sitta.europaea,2,SD
356,pm8808,Dendrocopos.major,0,SD
357,pm8808,Unidentified,0,SD
358,pm8814,Columba.palumbus,1,SD
359,pm8814,Garrulus.glandarius,4,SD
360,pm8814,Turdus.merula,25,SD
361,pm8814,Phoenicurus.ochruros,32,SD
362,pm8814,Erithacus.rubecula,78,SD
363,pm8814,Parus.ater,5,SD
364,pm8814,Fringilla.coelebs,3,SD
365,pm8814,Sylvia.conspicillata,0,SD
366,pm8814,Sylvia.atricapilla,0,SD
367,pm8814,Turdus.viscivorus,1,SD
368,pm8814,Sylvia.communis,8,SD
369,pm8814,Sylvia.melanocephala,0,SD
370,pm8814,Sylvia.borin,1,SD
371,pm8814,Parus.caeruleus,1,SD
372,pm8814,Phoenicurus.phoenicurus,0,SD
373,pm8814,Parus.cristatus,0,SD
374,pm8814,Parus.major,0,SD
375,pm8814,Sylvia.cantillans,1,SD
376,pm8814,Sitta.europaea,1,SD
377,pm8814,Dendrocopos.major,0,SD
378,pm8814,Unidentified,0,SD
379,pm8865,Columba.palumbus,0,SD
380,pm8865,Garrulus.glandarius,0,SD
381,pm8865,Turdus.merula,5,SD
382,pm8865,Phoenicurus.ochruros,47,SD
383,pm8865,Erithacus.rubecula,3,SD
384,pm8865,Parus.ater,41,SD
385,pm8865,Fringilla.coelebs,14,SD
386,pm8865,Sylvia.conspicillata,0,SD
387,pm8865,Sylvia.atricapilla,0,SD
388,pm8865,Turdus.viscivorus,9,SD
389,pm8865,Sylvia.communis,13,SD
390,pm8865,Sylvia.melanocephala,0,SD
391,pm8865,Sylvia.borin,2,SD
392,pm8865,Parus.caeruleus,24,SD
393,pm8865,Phoenicurus.phoenicurus,7,SD
394,pm8865,Parus.cristatus,0,SD
395,pm8865,Parus.major,0,SD
396,pm8865,Sylvia.cantillans,1,SD
397,pm8865,Sitta.europaea,7,SD
398,pm8865,Dendrocopos.major,0,SD
399,pm8865,Unidentified,0,SD
400,pm1933,Hemaris.tityus,0,P
401,pm1933,Iphiclides.podalirius.Ad,1,P
402,pm1933,Vanessa.cardui,1,P
403,pm1933,Psithyrus.vestalis.obenbergeri,0,P
404,pm1933,Bombus.pratorum.m.,0,P
405,pm1933,Bombus.pratorum.wk.,0,P
406,pm1933,Bombus.pascuorum.wk.,0,P
407,pm1933,Bombus.pascuorum.q.,0,P
408,pm1933,Bombus.terrestris.wk.,2,P
409,pm1933,Bombus.terrestris.q.,0,P
410,pm1933,Xylocopa.violacea,0,P
411,pm1933,Apis.mellifera,1,P
412,pm1933,Osmia.rufa,0,P
413,pm1933,Andrena.fulva,2,P
414,pm1933,Andrena.synadelpha.nigroaenea,0,P
415,pm1933,Andrena.trimmerana,0,P
416,pm1933,Andrena.congruens,8,P
417,pm1933,Andrena.tibialis.corvina,0,P
418,pm1933,Andrena.albopunctata.morio,0,P
419,pm1933,Andrena.assimilis,0,P
420,pm1933,Halictus.quadricinctus,0,P
421,pm1933,Halictus.tridivisus,0,P
422,pm1933,Halictus.scabiosae,0,P
423,pm1933,Lasioglossum.xanthopum,0,P
424,pm1933,Sphecodes.gibbus,0,P
425,pm1933,Megachile.centuncularis,0,P
426,pm1933,Ancistrocerus.nigricornis,0,P
427,pm1933,Eristalis.tenax,0,P
428,pm1933,Eristalis.pratorum,0,P
429,pm1933,Eristalis.arbustorum,0,P
430,pm1933,Cheilosia.glossa,0,P
431,pm1933,Mallota.fuciformis,0,P
432,pm1933,Dasysyrphus.albostriatus,0,P
433,pm1933,Syrphus.vitripennis,0,P
434,pm1933,Syrphus.ribessi,0,P
435,pm1933,Criorhina.berberina,0,P
436,pm1933,Calliphora.vomitoria,8,P
437,pm1933,Gonia.ornata,2,P
438,pm1933,Pollenia.rudis,0,P
439,pm1933,Tachina.corsicana,0,P
440,pm1933,Asilidae.NI,0,P
441,pm1933,Empididae.NI,0,P
442,pm1933,Diptera.NI,0,P
443,pm1931,Hemaris.tityus,0,P
444,pm1931,Iphiclides.podalirius.Ad,0,P
445,pm1931,Vanessa.cardui,0,P
446,pm1931,Psithyrus.vestalis.obenbergeri,3,P
447,pm1931,Bombus.pratorum.m.,2,P
448,pm1931,Bombus.pratorum.wk.,6,P
449,pm1931,Bombus.pascuorum.wk.,0,P
450,pm1931,Bombus.pascuorum.q.,1,P
451,pm1931,Bombus.terrestris.wk.,6,P
452,pm1931,Bombus.terrestris.q.,1,P
453,pm1931,Xylocopa.violacea,1,P
454,pm1931,Apis.mellifera,4,P
455,pm1931,Osmia.rufa,2,P
456,pm1931,Andrena.fulva,112,P
457,pm1931,Andrena.synadelpha.nigroaenea,5,P
458,pm1931,Andrena.trimmerana,2,P
459,pm1931,Andrena.congruens,18,P
460,pm1931,Andrena.tibialis.corvina,1,P
461,pm1931,Andrena.albopunctata.morio,2,P
462,pm1931,Andrena.assimilis,3,P
463,pm1931,Halictus.quadricinctus,2,P
464,pm1931,Halictus.tridivisus,0,P
465,pm1931,Halictus.scabiosae,2,P
466,pm1931,Lasioglossum.xanthopum,0,P
467,pm1931,Sphecodes.gibbus,0,P
468,pm1931,Megachile.centuncularis,0,P
469,pm1931,Ancistrocerus.nigricornis,0,P
470,pm1931,Eristalis.tenax,6,P
471,pm1931,Eristalis.pratorum,0,P
472,pm1931,Eristalis.arbustorum,2,P
473,pm1931,Cheilosia.glossa,0,P
474,pm1931,Mallota.fuciformis,0,P
475,pm1931,Dasysyrphus.albostriatus,0,P
476,pm1931,Syrphus.vitripennis,0,P
477,pm1931,Syrphus.ribessi,0,P
478,pm1931,Criorhina.berberina,0,P
479,pm1931,Calliphora.vomitoria,16,P
480,pm1931,Gonia.ornata,1,P
481,pm1931,Pollenia.rudis,0,P
482,pm1931,Tachina.corsicana,0,P
483,pm1931,Asilidae.NI,0,P
484,pm1931,Empididae.NI,2,P
485,pm1931,Diptera.NI,0,P
486,pm1932,Hemaris.tityus,0,P
487,pm1932,Iphiclides.podalirius.Ad,0,P
488,pm1932,Vanessa.cardui,0,P
489,pm1932,Psithyrus.vestalis.obenbergeri,0,P
490,pm1932,Bombus.pratorum.m.,0,P
491,pm1932,Bombus.pratorum.wk.,0,P
492,pm1932,Bombus.pascuorum.wk.,0,P
493,pm1932,Bombus.pascuorum.q.,0,P
494,pm1932,Bombus.terrestris.wk.,1,P
495,pm1932,Bombus.terrestris.q.,0,P
496,pm1932,Xylocopa.violacea,1,P
497,pm1932,Apis.mellifera,0,P
498,pm1932,Osmia.rufa,0,P
499,pm1932,Andrena.fulva,2,P
500,pm1932,Andrena.synadelpha.nigroaenea,0,P
501,pm1932,Andrena.trimmerana,0,P
502,pm1932,Andrena.congruens,0,P
503,pm1932,Andrena.tibialis.corvina,0,P
504,pm1932,Andrena.albopunctata.morio,0,P
505,pm1932,Andrena.assimilis,0,P
506,pm1932,Halictus.quadricinctus,0,P
507,pm1932,Halictus.tridivisus,0,P
508,pm1932,Halictus.scabiosae,0,P
509,pm1932,Lasioglossum.xanthopum,0,P
510,pm1932,Sphecodes.gibbus,0,P
511,pm1932,Megachile.centuncularis,0,P
512,pm1932,Ancistrocerus.nigricornis,0,P
513,pm1932,Eristalis.tenax,10,P
514,pm1932,Eristalis.pratorum,2,P
515,pm1932,Eristalis.arbustorum,6,P
516,pm1932,Cheilosia.glossa,7,P
517,pm1932,Mallota.fuciformis,4,P
518,pm1932,Dasysyrphus.albostriatus,1,P
519,pm1932,Syrphus.vitripennis,8,P
520,pm1932,Syrphus.ribessi,1,P
521,pm1932,Criorhina.berberina,1,P
522,pm1932,Calliphora.vomitoria,98,P
523,pm1932,Gonia.ornata,21,P
524,pm1932,Pollenia.rudis,10,P
525,pm1932,Tachina.corsicana,4,P
526,pm1932,Asilidae.NI,15,P
527,pm1932,Empididae.NI,41,P
528,pm1932,Diptera.NI,3,P
529,pm1934,Hemaris.tityus,0,P
530,pm1934,Iphiclides.podalirius.Ad,0,P
531,pm1934,Vanessa.cardui,0,P
532,pm1934,Psithyrus.vestalis.obenbergeri,0,P
533,pm1934,Bombus.pratorum.m.,0,P
534,pm1934,Bombus.pratorum.wk.,0,P
535,pm1934,Bombus.pascuorum.wk.,0,P
536,pm1934,Bombus.pascuorum.q.,0,P
537,pm1934,Bombus.terrestris.wk.,2,P
538,pm1934,Bombus.terrestris.q.,0,P
539,pm1934,Xylocopa.violacea,0,P
540,pm1934,Apis.mellifera,0,P
541,pm1934,Osmia.rufa,0,P
542,pm1934,Andrena.fulva,28,P
543,pm1934,Andrena.synadelpha.nigroaenea,0,P
544,pm1934,Andrena.trimmerana,0,P
545,pm1934,Andrena.congruens,0,P
546,pm1934,Andrena.tibialis.corvina,0,P
547,pm1934,Andrena.albopunctata.morio,1,P
548,pm1934,Andrena.assimilis,0,P
549,pm1934,Halictus.quadricinctus,1,P
550,pm1934,Halictus.tridivisus,0,P
551,pm1934,Halictus.scabiosae,2,P
552,pm1934,Lasioglossum.xanthopum,0,P
553,pm1934,Sphecodes.gibbus,0,P
554,pm1934,Megachile.centuncularis,0,P
555,pm1934,Ancistrocerus.nigricornis,0,P
556,pm1934,Eristalis.tenax,1,P
557,pm1934,Eristalis.pratorum,0,P
558,pm1934,Eristalis.arbustorum,0,P
559,pm1934,Cheilosia.glossa,0,P
560,pm1934,Mallota.fuciformis,0,P
561,pm1934,Dasysyrphus.albostriatus,0,P
562,pm1934,Syrphus.vitripennis,0,P
563,pm1934,Syrphus.ribessi,0,P
564,pm1934,Criorhina.berberina,0,P
565,pm1934,Calliphora.vomitoria,10,P
566,pm1934,Gonia.ornata,0,P
567,pm1934,Pollenia.rudis,0,P
568,pm1934,Tachina.corsicana,0,P
569,pm1934,Asilidae.NI,0,P
570,pm1934,Empididae.NI,1,P
571,pm1934,Diptera.NI,0,P
572,pm1936,Hemaris.tityus,0,P
573,pm1936,Iphiclides.podalirius.Ad,1,P
574,pm1936,Vanessa.cardui,0,P
575,pm1936,Psithyrus.vestalis.obenbergeri,0,P
576,pm1936,Bombus.pratorum.m.,0,P
577,pm1936,Bombus.pratorum.wk.,0,P
578,pm1936,Bombus.pascuorum.wk.,0,P
579,pm1936,Bombus.pascuorum.q.,0,P
580,pm1936,Bombus.terrestris.wk.,1,P
581,pm1936,Bombus.terrestris.q.,0,P
582,pm1936,Xylocopa.violacea,0,P
583,pm1936,Apis.mellifera,0,P
584,pm1936,Osmia.rufa,0,P
585,pm1936,Andrena.fulva,2,P
586,pm1936,Andrena.synadelpha.nigroaenea,2,P
587,pm1936,Andrena.trimmerana,0,P
588,pm1936,Andrena.congruens,0,P
589,pm1936,Andrena.tibialis.corvina,0,P
590,pm1936,Andrena.albopunctata.morio,0,P
591,pm1936,Andrena.assimilis,0,P
592,pm1936,Halictus.quadricinctus,0,P
593,pm1936,Halictus.tridivisus,0,P
594,pm1936,Halictus.scabiosae,0,P
595,pm1936,Lasioglossum.xanthopum,0,P
596,pm1936,Sphecodes.gibbus,0,P
597,pm1936,Megachile.centuncularis,0,P
598,pm1936,Ancistrocerus.nigricornis,0,P
599,pm1936,Eristalis.tenax,6,P
600,pm1936,Eristalis.pratorum,1,P
601,pm1936,Eristalis.arbustorum,0,P
602,pm1936,Cheilosia.glossa,2,P
603,pm1936,Mallota.fuciformis,1,P
604,pm1936,Dasysyrphus.albostriatus,2,P
605,pm1936,Syrphus.vitripennis,2,P
606,pm1936,Syrphus.ribessi,0,P
607,pm1936,Criorhina.berberina,0,P
608,pm1936,Calliphora.vomitoria,32,P
609,pm1936,Gonia.ornata,8,P
610,pm1936,Pollenia.rudis,3,P
611,pm1936,Tachina.corsicana,0,P
612,pm1936,Asilidae.NI,10,P
613,pm1936,Empididae.NI,8,P
614,pm1936,Diptera.NI,0,P
615,pm1937,Hemaris.tityus,0,P
616,pm1937,Iphiclides.podalirius.Ad,0,P
617,pm1937,Vanessa.cardui,0,P
618,pm1937,Psithyrus.vestalis.obenbergeri,0,P
619,pm1937,Bombus.pratorum.m.,0,P
620,pm1937,Bombus.pratorum.wk.,0,P
621,pm1937,Bombus.pascuorum.wk.,0,P
622,pm1937,Bombus.pascuorum.q.,0,P
623,pm1937,Bombus.terrestris.wk.,1,P
624,pm1937,Bombus.terrestris.q.,0,P
625,pm1937,Xylocopa.violacea,0,P
626,pm1937,Apis.mellifera,1,P
627,pm1937,Osmia.rufa,0,P
628,pm1937,Andrena.fulva,34,P
629,pm1937,Andrena.synadelpha.nigroaenea,0,P
630,pm1937,Andrena.trimmerana,0,P
631,pm1937,Andrena.congruens,0,P
632,pm1937,Andrena.tibialis.corvina,0,P
633,pm1937,Andrena.albopunctata.morio,0,P
634,pm1937,Andrena.assimilis,0,P
635,pm1937,Halictus.quadricinctus,0,P
636,pm1937,Halictus.tridivisus,0,P
637,pm1937,Halictus.scabiosae,2,P
638,pm1937,Lasioglossum.xanthopum,0,P
639,pm1937,Sphecodes.gibbus,0,P
640,pm1937,Megachile.centuncularis,0,P
641,pm1937,Ancistrocerus.nigricornis,0,P
642,pm1937,Eristalis.tenax,0,P
643,pm1937,Eristalis.pratorum,0,P
644,pm1937,Eristalis.arbustorum,0,P
645,pm1937,Cheilosia.glossa,0,P
646,pm1937,Mallota.fuciformis,0,P
647,pm1937,Dasysyrphus.albostriatus,0,P
648,pm1937,Syrphus.vitripennis,0,P
649,pm1937,Syrphus.ribessi,0,P
650,pm1937,Criorhina.berberina,0,P
651,pm1937,Calliphora.vomitoria,8,P
652,pm1937,Gonia.ornata,2,P
653,pm1937,Pollenia.rudis,0,P
654,pm1937,Tachina.corsicana,0,P
655,pm1937,Asilidae.NI,0,P
656,pm1937,Empididae.NI,0,P
657,pm1937,Diptera.NI,0,P
658,pm1938,Hemaris.tityus,0,P
659,pm1938,Iphiclides.podalirius.Ad,0,P
660,pm1938,Vanessa.cardui,0,P
661,pm1938,Psithyrus.vestalis.obenbergeri,1,P
662,pm1938,Bombus.pratorum.m.,0,P
663,pm1938,Bombus.pratorum.wk.,4,P
664,pm1938,Bombus.pascuorum.wk.,1,P
665,pm1938,Bombus.pascuorum.q.,0,P
666,pm1938,Bombus.terrestris.wk.,1,P
667,pm1938,Bombus.terrestris.q.,0,P
668,pm1938,Xylocopa.violacea,0,P
669,pm1938,Apis.mellifera,0,P
670,pm1938,Osmia.rufa,0,P
671,pm1938,Andrena.fulva,3,P
672,pm1938,Andrena.synadelpha.nigroaenea,0,P
673,pm1938,Andrena.trimmerana,0,P
674,pm1938,Andrena.congruens,0,P
675,pm1938,Andrena.tibialis.corvina,0,P
676,pm1938,Andrena.albopunctata.morio,0,P
677,pm1938,Andrena.assimilis,0,P
678,pm1938,Halictus.quadricinctus,1,P
679,pm1938,Halictus.tridivisus,0,P
680,pm1938,Halictus.scabiosae,0,P
681,pm1938,Lasioglossum.xanthopum,0,P
682,pm1938,Sphecodes.gibbus,0,P
683,pm1938,Megachile.centuncularis,0,P
684,pm1938,Ancistrocerus.nigricornis,0,P
685,pm1938,Eristalis.tenax,3,P
686,pm1938,Eristalis.pratorum,0,P
687,pm1938,Eristalis.arbustorum,0,P
688,pm1938,Cheilosia.glossa,2,P
689,pm1938,Mallota.fuciformis,0,P
690,pm1938,Dasysyrphus.albostriatus,0,P
691,pm1938,Syrphus.vitripennis,2,P
692,pm1938,Syrphus.ribessi,0,P
693,pm1938,Criorhina.berberina,0,P
694,pm1938,Calliphora.vomitoria,49,P
695,pm1938,Gonia.ornata,1,P
696,pm1938,Pollenia.rudis,7,P
697,pm1938,Tachina.corsicana,0,P
698,pm1938,Asilidae.NI,0,P
699,pm1938,Empididae.NI,0,P
700,pm1938,Diptera.NI,0,P
701,pm1939,Hemaris.tityus,0,P
702,pm1939,Iphiclides.podalirius.Ad,0,P
703,pm1939,Vanessa.cardui,0,P
704,pm1939,Psithyrus.vestalis.obenbergeri,0,P
705,pm1939,Bombus.pratorum.m.,0,P
706,pm1939,Bombus.pratorum.wk.,0,P
707,pm1939,Bombus.pascuorum.wk.,0,P
708,pm1939,Bombus.pascuorum.q.,1,P
709,pm1939,Bombus.terrestris.wk.,0,P
710,pm1939,Bombus.terrestris.q.,1,P
711,pm1939,Xylocopa.violacea,0,P
712,pm1939,Apis.mellifera,2,P
713,pm1939,Osmia.rufa,0,P
714,pm1939,Andrena.fulva,0,P
715,pm1939,Andrena.synadelpha.nigroaenea,0,P
716,pm1939,Andrena.trimmerana,0,P
717,pm1939,Andrena.congruens,0,P
718,pm1939,Andrena.tibialis.corvina,0,P
719,pm1939,Andrena.albopunctata.morio,0,P
720,pm1939,Andrena.assimilis,0,P
721,pm1939,Halictus.quadricinctus,0,P
722,pm1939,Halictus.tridivisus,0,P
723,pm1939,Halictus.scabiosae,0,P
724,pm1939,Lasioglossum.xanthopum,0,P
725,pm1939,Sphecodes.gibbus,0,P
726,pm1939,Megachile.centuncularis,0,P
727,pm1939,Ancistrocerus.nigricornis,0,P
728,pm1939,Eristalis.tenax,8,P
729,pm1939,Eristalis.pratorum,1,P
730,pm1939,Eristalis.arbustorum,3,P
731,pm1939,Cheilosia.glossa,6,P
732,pm1939,Mallota.fuciformis,0,P
733,pm1939,Dasysyrphus.albostriatus,1,P
734,pm1939,Syrphus.vitripennis,1,P
735,pm1939,Syrphus.ribessi,1,P
736,pm1939,Criorhina.berberina,0,P
737,pm1939,Calliphora.vomitoria,66,P
738,pm1939,Gonia.ornata,50,P
739,pm1939,Pollenia.rudis,2,P
740,pm1939,Tachina.corsicana,2,P
741,pm1939,Asilidae.NI,9,P
742,pm1939,Empididae.NI,32,P
743,pm1939,Diptera.NI,2,P
744,pm1940,Hemaris.tityus,0,P
745,pm1940,Iphiclides.podalirius.Ad,0,P
746,pm1940,Vanessa.cardui,0,P
747,pm1940,Psithyrus.vestalis.obenbergeri,0,P
748,pm1940,Bombus.pratorum.m.,0,P
749,pm1940,Bombus.pratorum.wk.,5,P
750,pm1940,Bombus.pascuorum.wk.,1,P
751,pm1940,Bombus.pascuorum.q.,0,P
752,pm1940,Bombus.terrestris.wk.,8,P
753,pm1940,Bombus.terrestris.q.,1,P
754,pm1940,Xylocopa.violacea,2,P
755,pm1940,Apis.mellifera,3,P
756,pm1940,Osmia.rufa,4,P
757,pm1940,Andrena.fulva,96,P
758,pm1940,Andrena.synadelpha.nigroaenea,1,P
759,pm1940,Andrena.trimmerana,1,P
760,pm1940,Andrena.congruens,14,P
761,pm1940,Andrena.tibialis.corvina,0,P
762,pm1940,Andrena.albopunctata.morio,1,P
763,pm1940,Andrena.assimilis,0,P
764,pm1940,Halictus.quadricinctus,1,P
765,pm1940,Halictus.tridivisus,1,P
766,pm1940,Halictus.scabiosae,1,P
767,pm1940,Lasioglossum.xanthopum,0,P
768,pm1940,Sphecodes.gibbus,2,P
769,pm1940,Megachile.centuncularis,1,P
770,pm1940,Ancistrocerus.nigricornis,1,P
771,pm1940,Eristalis.tenax,0,P
772,pm1940,Eristalis.pratorum,0,P
773,pm1940,Eristalis.arbustorum,3,P
774,pm1940,Cheilosia.glossa,0,P
775,pm1940,Mallota.fuciformis,0,P
776,pm1940,Dasysyrphus.albostriatus,0,P
777,pm1940,Syrphus.vitripennis,0,P
778,pm1940,Syrphus.ribessi,0,P
779,pm1940,Criorhina.berberina,0,P
780,pm1940,Calliphora.vomitoria,166,P
781,pm1940,Gonia.ornata,2,P
782,pm1940,Pollenia.rudis,0,P
783,pm1940,Tachina.corsicana,0,P
784,pm1940,Asilidae.NI,0,P
785,pm1940,Empididae.NI,1,P
786,pm1940,Diptera.NI,0,P
787,pm1921,Hemaris.tityus,1,P
788,pm1921,Iphiclides.podalirius.Ad,0,P
789,pm1921,Vanessa.cardui,0,P
790,pm1921,Psithyrus.vestalis.obenbergeri,0,P
791,pm1921,Bombus.pratorum.m.,0,P
792,pm1921,Bombus.pratorum.wk.,0,P
793,pm1921,Bombus.pascuorum.wk.,0,P
794,pm1921,Bombus.pascuorum.q.,0,P
795,pm1921,Bombus.terrestris.wk.,1,P
796,pm1921,Bombus.terrestris.q.,0,P
797,pm1921,Xylocopa.violacea,0,P
798,pm1921,Apis.mellifera,1,P
799,pm1921,Osmia.rufa,0,P
800,pm1921,Andrena.fulva,3,P
801,pm1921,Andrena.synadelpha.nigroaenea,0,P
802,pm1921,Andrena.trimmerana,0,P
803,pm1921,Andrena.congruens,0,P
804,pm1921,Andrena.tibialis.corvina,0,P
805,pm1921,Andrena.albopunctata.morio,0,P
806,pm1921,Andrena.assimilis,0,P
807,pm1921,Halictus.quadricinctus,0,P
808,pm1921,Halictus.tridivisus,0,P
809,pm1921,Halictus.scabiosae,0,P
810,pm1921,Lasioglossum.xanthopum,0,P
811,pm1921,Sphecodes.gibbus,0,P
812,pm1921,Megachile.centuncularis,0,P
813,pm1921,Ancistrocerus.nigricornis,0,P
814,pm1921,Eristalis.tenax,1,P
815,pm1921,Eristalis.pratorum,0,P
816,pm1921,Eristalis.arbustorum,0,P
817,pm1921,Cheilosia.glossa,0,P
818,pm1921,Mallota.fuciformis,0,P
819,pm1921,Dasysyrphus.albostriatus,0,P
820,pm1921,Syrphus.vitripennis,2,P
821,pm1921,Syrphus.ribessi,0,P
822,pm1921,Criorhina.berberina,0,P
823,pm1921,Calliphora.vomitoria,29,P
824,pm1921,Gonia.ornata,22,P
825,pm1921,Pollenia.rudis,2,P
826,pm1921,Tachina.corsicana,0,P
827,pm1921,Asilidae.NI,0,P
828,pm1921,Empididae.NI,11,P
829,pm1921,Diptera.NI,0,P
830,pm1823,Hemaris.tityus,0,P
831,pm1823,Iphiclides.podalirius.Ad,0,P
832,pm1823,Vanessa.cardui,0,P
833,pm1823,Psithyrus.vestalis.obenbergeri,0,P
834,pm1823,Bombus.pratorum.m.,0,P
835,pm1823,Bombus.pratorum.wk.,0,P
836,pm1823,Bombus.pascuorum.wk.,0,P
837,pm1823,Bombus.pascuorum.q.,0,P
838,pm1823,Bombus.terrestris.wk.,5,P
839,pm1823,Bombus.terrestris.q.,0,P
840,pm1823,Xylocopa.violacea,0,P
841,pm1823,Apis.mellifera,2,P
842,pm1823,Osmia.rufa,0,P
843,pm1823,Andrena.fulva,1,P
844,pm1823,Andrena.synadelpha.nigroaenea,0,P
845,pm1823,Andrena.trimmerana,0,P
846,pm1823,Andrena.congruens,0,P
847,pm1823,Andrena.tibialis.corvina,0,P
848,pm1823,Andrena.albopunctata.morio,0,P
849,pm1823,Andrena.assimilis,0,P
850,pm1823,Halictus.quadricinctus,0,P
851,pm1823,Halictus.tridivisus,0,P
852,pm1823,Halictus.scabiosae,0,P
853,pm1823,Lasioglossum.xanthopum,0,P
854,pm1823,Sphecodes.gibbus,0,P
855,pm1823,Megachile.centuncularis,0,P
856,pm1823,Ancistrocerus.nigricornis,0,P
857,pm1823,Eristalis.tenax,14,P
858,pm1823,Eristalis.pratorum,0,P
859,pm1823,Eristalis.arbustorum,0,P
860,pm1823,Cheilosia.glossa,1,P
861,pm1823,Mallota.fuciformis,0,P
862,pm1823,Dasysyrphus.albostriatus,0,P
863,pm1823,Syrphus.vitripennis,3,P
864,pm1823,Syrphus.ribessi,0,P
865,pm1823,Criorhina.berberina,1,P
866,pm1823,Calliphora.vomitoria,15,P
867,pm1823,Gonia.ornata,11,P
868,pm1823,Pollenia.rudis,2,P
869,pm1823,Tachina.corsicana,0,P
870,pm1823,Asilidae.NI,7,P
871,pm1823,Empididae.NI,9,P
872,pm1823,Diptera.NI,0,P
873,pm1824,Hemaris.tityus,0,P
874,pm1824,Iphiclides.podalirius.Ad,0,P
875,pm1824,Vanessa.cardui,0,P
876,pm1824,Psithyrus.vestalis.obenbergeri,0,P
877,pm1824,Bombus.pratorum.m.,0,P
878,pm1824,Bombus.pratorum.wk.,0,P
879,pm1824,Bombus.pascuorum.wk.,0,P
880,pm1824,Bombus.pascuorum.q.,0,P
881,pm1824,Bombus.terrestris.wk.,1,P
882,pm1824,Bombus.terrestris.q.,0,P
883,pm1824,Xylocopa.violacea,0,P
884,pm1824,Apis.mellifera,1,P
885,pm1824,Osmia.rufa,0,P
886,pm1824,Andrena.fulva,56,P
887,pm1824,Andrena.synadelpha.nigroaenea,0,P
888,pm1824,Andrena.trimmerana,0,P
889,pm1824,Andrena.congruens,0,P
890,pm1824,Andrena.tibialis.corvina,0,P
891,pm1824,Andrena.albopunctata.morio,1,P
892,pm1824,Andrena.assimilis,0,P
893,pm1824,Halictus.quadricinctus,1,P
894,pm1824,Halictus.tridivisus,0,P
895,pm1824,Halictus.scabiosae,0,P
896,pm1824,Lasioglossum.xanthopum,0,P
897,pm1824,Sphecodes.gibbus,0,P
898,pm1824,Megachile.centuncularis,0,P
899,pm1824,Ancistrocerus.nigricornis,0,P
900,pm1824,Eristalis.tenax,57,P
901,pm1824,Eristalis.pratorum,3,P
902,pm1824,Eristalis.arbustorum,3,P
903,pm1824,Cheilosia.glossa,7,P
904,pm1824,Mallota.fuciformis,0,P
905,pm1824,Dasysyrphus.albostriatus,0,P
906,pm1824,Syrphus.vitripennis,0,P
907,pm1824,Syrphus.ribessi,0,P
908,pm1824,Criorhina.berberina,0,P
909,pm1824,Calliphora.vomitoria,3,P
910,pm1824,Gonia.ornata,2,P
911,pm1824,Pollenia.rudis,0,P
912,pm1824,Tachina.corsicana,0,P
913,pm1824,Asilidae.NI,0,P
914,pm1824,Empididae.NI,0,P
915,pm1824,Diptera.NI,0,P
916,pm1820,Hemaris.tityus,0,P
917,pm1820,Iphiclides.podalirius.Ad,0,P
918,pm1820,Vanessa.cardui,0,P
919,pm1820,Psithyrus.vestalis.obenbergeri,0,P
920,pm1820,Bombus.pratorum.m.,0,P
921,pm1820,Bombus.pratorum.wk.,0,P
922,pm1820,Bombus.pascuorum.wk.,0,P
923,pm1820,Bombus.pascuorum.q.,0,P
924,pm1820,Bombus.terrestris.wk.,1,P
925,pm1820,Bombus.terrestris.q.,0,P
926,pm1820,Xylocopa.violacea,0,P
927,pm1820,Apis.mellifera,0,P
928,pm1820,Osmia.rufa,0,P
929,pm1820,Andrena.fulva,5,P
930,pm1820,Andrena.synadelpha.nigroaenea,0,P
931,pm1820,Andrena.trimmerana,0,P
932,pm1820,Andrena.congruens,0,P
933,pm1820,Andrena.tibialis.corvina,0,P
934,pm1820,Andrena.albopunctata.morio,0,P
935,pm1820,Andrena.assimilis,0,P
936,pm1820,Halictus.quadricinctus,0,P
937,pm1820,Halictus.tridivisus,0,P
938,pm1820,Halictus.scabiosae,0,P
939,pm1820,Lasioglossum.xanthopum,0,P
940,pm1820,Sphecodes.gibbus,0,P
941,pm1820,Megachile.centuncularis,0,P
942,pm1820,Ancistrocerus.nigricornis,0,P
943,pm1820,Eristalis.tenax,6,P
944,pm1820,Eristalis.pratorum,0,P
945,pm1820,Eristalis.arbustorum,0,P
946,pm1820,Cheilosia.glossa,1,P
947,pm1820,Mallota.fuciformis,0,P
948,pm1820,Dasysyrphus.albostriatus,0,P
949,pm1820,Syrphus.vitripennis,1,P
950,pm1820,Syrphus.ribessi,0,P
951,pm1820,Criorhina.berberina,0,P
952,pm1820,Calliphora.vomitoria,22,P
953,pm1820,Gonia.ornata,1,P
954,pm1820,Pollenia.rudis,2,P
955,pm1820,Tachina.corsicana,0,P
956,pm1820,Asilidae.NI,2,P
957,pm1820,Empididae.NI,3,P
958,pm1820,Diptera.NI,0,P
959,pm1825,Hemaris.tityus,0,P
960,pm1825,Iphiclides.podalirius.Ad,0,P
961,pm1825,Vanessa.cardui,0,P
962,pm1825,Psithyrus.vestalis.obenbergeri,0,P
963,pm1825,Bombus.pratorum.m.,0,P
964,pm1825,Bombus.pratorum.wk.,0,P
965,pm1825,Bombus.pascuorum.wk.,0,P
966,pm1825,Bombus.pascuorum.q.,0,P
967,pm1825,Bombus.terrestris.wk.,4,P
968,pm1825,Bombus.terrestris.q.,0,P
969,pm1825,Xylocopa.violacea,0,P
970,pm1825,Apis.mellifera,0,P
971,pm1825,Osmia.rufa,0,P
972,pm1825,Andrena.fulva,43,P
973,pm1825,Andrena.synadelpha.nigroaenea,0,P
974,pm1825,Andrena.trimmerana,0,P
975,pm1825,Andrena.congruens,0,P
976,pm1825,Andrena.tibialis.corvina,0,P
977,pm1825,Andrena.albopunctata.morio,0,P
978,pm1825,Andrena.assimilis,0,P
979,pm1825,Halictus.quadricinctus,0,P
980,pm1825,Halictus.tridivisus,0,P
981,pm1825,Halictus.scabiosae,0,P
982,pm1825,Lasioglossum.xanthopum,0,P
983,pm1825,Sphecodes.gibbus,0,P
984,pm1825,Megachile.centuncularis,0,P
985,pm1825,Ancistrocerus.nigricornis,0,P
986,pm1825,Eristalis.tenax,0,P
987,pm1825,Eristalis.pratorum,0,P
988,pm1825,Eristalis.arbustorum,0,P
989,pm1825,Cheilosia.glossa,0,P
990,pm1825,Mallota.fuciformis,0,P
991,pm1825,Dasysyrphus.albostriatus,0,P
992,pm1825,Syrphus.vitripennis,0,P
993,pm1825,Syrphus.ribessi,0,P
994,pm1825,Criorhina.berberina,0,P
995,pm1825,Calliphora.vomitoria,2,P
996,pm1825,Gonia.ornata,0,P
997,pm1825,Pollenia.rudis,0,P
998,pm1825,Tachina.corsicana,0,P
999,pm1825,Asilidae.NI,0,P
1000,pm1825,Empididae.NI,0,P
1001,pm1825,Diptera.NI,0,P
1002,pm1929,Hemaris.tityus,0,P
1003,pm1929,Iphiclides.podalirius.Ad,0,P
1004,pm1929,Vanessa.cardui,0,P
1005,pm1929,Psithyrus.vestalis.obenbergeri,0,P
1006,pm1929,Bombus.pratorum.m.,0,P
1007,pm1929,Bombus.pratorum.wk.,0,P
1008,pm1929,Bombus.pascuorum.wk.,0,P
1009,pm1929,Bombus.pascuorum.q.,0,P
1010,pm1929,Bombus.terrestris.wk.,0,P
1011,pm1929,Bombus.terrestris.q.,0,P
1012,pm1929,Xylocopa.violacea,1,P
1013,pm1929,Apis.mellifera,1,P
1014,pm1929,Osmia.rufa,0,P
1015,pm1929,Andrena.fulva,32,P
1016,pm1929,Andrena.synadelpha.nigroaenea,0,P
1017,pm1929,Andrena.trimmerana,1,P
1018,pm1929,Andrena.congruens,5,P
1019,pm1929,Andrena.tibialis.corvina,0,P
1020,pm1929,Andrena.albopunctata.morio,1,P
1021,pm1929,Andrena.assimilis,0,P
1022,pm1929,Halictus.quadricinctus,1,P
1023,pm1929,Halictus.tridivisus,0,P
1024,pm1929,Halictus.scabiosae,0,P
1025,pm1929,Lasioglossum.xanthopum,1,P
1026,pm1929,Sphecodes.gibbus,1,P
1027,pm1929,Megachile.centuncularis,0,P
1028,pm1929,Ancistrocerus.nigricornis,0,P
1029,pm1929,Eristalis.tenax,0,P
1030,pm1929,Eristalis.pratorum,0,P
1031,pm1929,Eristalis.arbustorum,0,P
1032,pm1929,Cheilosia.glossa,0,P
1033,pm1929,Mallota.fuciformis,0,P
1034,pm1929,Dasysyrphus.albostriatus,0,P
1035,pm1929,Syrphus.vitripennis,0,P
1036,pm1929,Syrphus.ribessi,0,P
1037,pm1929,Criorhina.berberina,0,P
1038,pm1929,Calliphora.vomitoria,8,P
1039,pm1929,Gonia.ornata,2,P
1040,pm1929,Pollenia.rudis,4,P
1041,pm1929,Tachina.corsicana,0,P
1042,pm1929,Asilidae.NI,0,P
1043,pm1929,Empididae.NI,0,P
1044,pm1929,Diptera.NI,0,P
1045,pm8801,Hemaris.tityus,0,P
1046,pm8801,Iphiclides.podalirius.Ad,0,P
1047,pm8801,Vanessa.cardui,0,P
1048,pm8801,Psithyrus.vestalis.obenbergeri,0,P
1049,pm8801,Bombus.pratorum.m.,0,P
1050,pm8801,Bombus.pratorum.wk.,0,P
1051,pm8801,Bombus.pascuorum.wk.,0,P
1052,pm8801,Bombus.pascuorum.q.,0,P
1053,pm8801,Bombus.terrestris.wk.,3,P
1054,pm8801,Bombus.terrestris.q.,0,P
1055,pm8801,Xylocopa.violacea,0,P
1056,pm8801,Apis.mellifera,0,P
1057,pm8801,Osmia.rufa,0,P
1058,pm8801,Andrena.fulva,13,P
1059,pm8801,Andrena.synadelpha.nigroaenea,0,P
1060,pm8801,Andrena.trimmerana,0,P
1061,pm8801,Andrena.congruens,7,P
1062,pm8801,Andrena.tibialis.corvina,0,P
1063,pm8801,Andrena.albopunctata.morio,0,P
1064,pm8801,Andrena.assimilis,0,P
1065,pm8801,Halictus.quadricinctus,0,P
1066,pm8801,Halictus.tridivisus,0,P
1067,pm8801,Halictus.scabiosae,1,P
1068,pm8801,Lasioglossum.xanthopum,0,P
1069,pm8801,Sphecodes.gibbus,0,P
1070,pm8801,Megachile.centuncularis,0,P
1071,pm8801,Ancistrocerus.nigricornis,0,P
1072,pm8801,Eristalis.tenax,0,P
1073,pm8801,Eristalis.pratorum,0,P
1074,pm8801,Eristalis.arbustorum,0,P
1075,pm8801,Cheilosia.glossa,0,P
1076,pm8801,Mallota.fuciformis,0,P
1077,pm8801,Dasysyrphus.albostriatus,0,P
1078,pm8801,Syrphus.vitripennis,0,P
1079,pm8801,Syrphus.ribessi,0,P
1080,pm8801,Criorhina.berberina,0,P
1081,pm8801,Calliphora.vomitoria,3,P
1082,pm8801,Gonia.ornata,0,P
1083,pm8801,Pollenia.rudis,0,P
1084,pm8801,Tachina.corsicana,0,P
1085,pm8801,Asilidae.NI,0,P
1086,pm8801,Empididae.NI,0,P
1087,pm8801,Diptera.NI,0,P
1088,pm8808,Hemaris.tityus,0,P
1089,pm8808,Iphiclides.podalirius.Ad,0,P
1090,pm8808,Vanessa.cardui,0,P
1091,pm8808,Psithyrus.vestalis.obenbergeri,0,P
1092,pm8808,Bombus.pratorum.m.,0,P
1093,pm8808,Bombus.pratorum.wk.,0,P
1094,pm8808,Bombus.pascuorum.wk.,0,P
1095,pm8808,Bombus.pascuorum.q.,0,P
1096,pm8808,Bombus.terrestris.wk.,2,P
1097,pm8808,Bombus.terrestris.q.,0,P
1098,pm8808,Xylocopa.violacea,0,P
1099,pm8808,Apis.mellifera,1,P
1100,pm8808,Osmia.rufa,0,P
1101,pm8808,Andrena.fulva,3,P
1102,pm8808,Andrena.synadelpha.nigroaenea,0,P
1103,pm8808,Andrena.trimmerana,0,P
1104,pm8808,Andrena.congruens,0,P
1105,pm8808,Andrena.tibialis.corvina,0,P
1106,pm8808,Andrena.albopunctata.morio,0,P
1107,pm8808,Andrena.assimilis,0,P
1108,pm8808,Halictus.quadricinctus,0,P
1109,pm8808,Halictus.tridivisus,0,P
1110,pm8808,Halictus.scabiosae,0,P
1111,pm8808,Lasioglossum.xanthopum,0,P
1112,pm8808,Sphecodes.gibbus,0,P
1113,pm8808,Megachile.centuncularis,0,P
1114,pm8808,Ancistrocerus.nigricornis,0,P
1115,pm8808,Eristalis.tenax,0,P
1116,pm8808,Eristalis.pratorum,0,P
1117,pm8808,Eristalis.arbustorum,0,P
1118,pm8808,Cheilosia.glossa,0,P
1119,pm8808,Mallota.fuciformis,0,P
1120,pm8808,Dasysyrphus.albostriatus,0,P
1121,pm8808,Syrphus.vitripennis,4,P
1122,pm8808,Syrphus.ribessi,0,P
1123,pm8808,Criorhina.berberina,1,P
1124,pm8808,Calliphora.vomitoria,23,P
1125,pm8808,Gonia.ornata,2,P
1126,pm8808,Pollenia.rudis,5,P
1127,pm8808,Tachina.corsicana,0,P
1128,pm8808,Asilidae.NI,4,P
1129,pm8808,Empididae.NI,2,P
1130,pm8808,Diptera.NI,0,P
1131,pm8814,Hemaris.tityus,0,P
1132,pm8814,Iphiclides.podalirius.Ad,0,P
1133,pm8814,Vanessa.cardui,0,P
1134,pm8814,Psithyrus.vestalis.obenbergeri,0,P
1135,pm8814,Bombus.pratorum.m.,0,P
1136,pm8814,Bombus.pratorum.wk.,0,P
1137,pm8814,Bombus.pascuorum.wk.,0,P
1138,pm8814,Bombus.pascuorum.q.,0,P
1139,pm8814,Bombus.terrestris.wk.,1,P
1140,pm8814,Bombus.terrestris.q.,0,P
1141,pm8814,Xylocopa.violacea,1,P
1142,pm8814,Apis.mellifera,2,P
1143,pm8814,Osmia.rufa,0,P
1144,pm8814,Andrena.fulva,45,P
1145,pm8814,Andrena.synadelpha.nigroaenea,0,P
1146,pm8814,Andrena.trimmerana,0,P
1147,pm8814,Andrena.congruens,0,P
1148,pm8814,Andrena.tibialis.corvina,0,P
1149,pm8814,Andrena.albopunctata.morio,0,P
1150,pm8814,Andrena.assimilis,0,P
1151,pm8814,Halictus.quadricinctus,2,P
1152,pm8814,Halictus.tridivisus,0,P
1153,pm8814,Halictus.scabiosae,0,P
1154,pm8814,Lasioglossum.xanthopum,0,P
1155,pm8814,Sphecodes.gibbus,1,P
1156,pm8814,Megachile.centuncularis,0,P
1157,pm8814,Ancistrocerus.nigricornis,0,P
1158,pm8814,Eristalis.tenax,0,P
1159,pm8814,Eristalis.pratorum,0,P
1160,pm8814,Eristalis.arbustorum,0,P
1161,pm8814,Cheilosia.glossa,0,P
1162,pm8814,Mallota.fuciformis,0,P
1163,pm8814,Dasysyrphus.albostriatus,0,P
1164,pm8814,Syrphus.vitripennis,0,P
1165,pm8814,Syrphus.ribessi,0,P
1166,pm8814,Criorhina.berberina,0,P
1167,pm8814,Calliphora.vomitoria,1,P
1168,pm8814,Gonia.ornata,0,P
1169,pm8814,Pollenia.rudis,0,P
1170,pm8814,Tachina.corsicana,0,P
1171,pm8814,Asilidae.NI,0,P
1172,pm8814,Empididae.NI,0,P
1173,pm8814,Diptera.NI,0,P
1174,pm8865,Hemaris.tityus,0,P
1175,pm8865,Iphiclides.podalirius.Ad,0,P
1176,pm8865,Vanessa.cardui,0,P
1177,pm8865,Psithyrus.vestalis.obenbergeri,0,P
1178,pm8865,Bombus.pratorum.m.,0,P
1179,pm8865,Bombus.pratorum.wk.,0,P
1180,pm8865,Bombus.pascuorum.wk.,0,P
1181,pm8865,Bombus.pascuorum.q.,0,P
1182,pm8865,Bombus.terrestris.wk.,1,P
1183,pm8865,Bombus.terrestris.q.,0,P
1184,pm8865,Xylocopa.violacea,0,P
1185,pm8865,Apis.mellifera,0,P
1186,pm8865,Osmia.rufa,0,P
1187,pm8865,Andrena.fulva,2,P
1188,pm8865,Andrena.synadelpha.nigroaenea,0,P
1189,pm8865,Andrena.trimmerana,0,P
1190,pm8865,Andrena.congruens,0,P
1191,pm8865,Andrena.tibialis.corvina,0,P
1192,pm8865,Andrena.albopunctata.morio,0,P
1193,pm8865,Andrena.assimilis,0,P
1194,pm8865,Halictus.quadricinctus,0,P
1195,pm8865,Halictus.tridivisus,0,P
1196,pm8865,Halictus.scabiosae,0,P
1197,pm8865,Lasioglossum.xanthopum,0,P
1198,pm8865,Sphecodes.gibbus,0,P
1199,pm8865,Megachile.centuncularis,0,P
1200,pm8865,Ancistrocerus.nigricornis,0,P
1201,pm8865,Eristalis.tenax,0,P
1202,pm8865,Eristalis.pratorum,0,P
1203,pm8865,Eristalis.arbustorum,0,P
1204,pm8865,Cheilosia.glossa,0,P
1205,pm8865,Mallota.fuciformis,0,P
1206,pm8865,Dasysyrphus.albostriatus,0,P
1207,pm8865,Syrphus.vitripennis,5,P
1208,pm8865,Syrphus.ribessi,0,P
1209,pm8865,Criorhina.berberina,0,P
1210,pm8865,Calliphora.vomitoria,18,P
1211,pm8865,Gonia.ornata,6,P
1212,pm8865,Pollenia.rudis,12,P
1213,pm8865,Tachina.corsicana,1,P
1214,pm8865,Asilidae.NI,9,P
1215,pm8865,Empididae.NI,3,P
1216,pm8865,Diptera.NI,0,P
1217,pm1933,Yponomeuta.mahalebella,0,H
1218,pm1933,Hemaris.fuciformis,0,H
1219,pm1933,Iphiclides.podalirius.L,0,H
1220,pm1933,Hedya.pruniana,6,H
1221,pm1933,Orthoptera.NI,0,H
1222,pm1933,Myzus.cerasi,0,H
1223,pm1933,Aglaope.infausta,0,H
1224,pm1933,Fungus.NI,0,H
1225,pm1933,Taphrina.deformans,0,H
1226,pm1933,Ungulates,0,H
1227,pm1933,NI,0,H
1228,pm1931,Yponomeuta.mahalebella,0,H
1229,pm1931,Hemaris.fuciformis,0,H
1230,pm1931,Iphiclides.podalirius.L,0,H
1231,pm1931,Hedya.pruniana,59,H
1232,pm1931,Orthoptera.NI,0,H
1233,pm1931,Myzus.cerasi,10,H
1234,pm1931,Aglaope.infausta,0,H
1235,pm1931,Fungus.NI,17,H
1236,pm1931,Taphrina.deformans,0,H
1237,pm1931,Ungulates,0,H
1238,pm1931,NI,2,H
1239,pm1932,Yponomeuta.mahalebella,0,H
1240,pm1932,Hemaris.fuciformis,0,H
1241,pm1932,Iphiclides.podalirius.L,0,H
1242,pm1932,Hedya.pruniana,8,H
1243,pm1932,Orthoptera.NI,0,H
1244,pm1932,Myzus.cerasi,0,H
1245,pm1932,Aglaope.infausta,0,H
1246,pm1932,Fungus.NI,0,H
1247,pm1932,Taphrina.deformans,0,H
1248,pm1932,Ungulates,0,H
1249,pm1932,NI,1,H
1250,pm1934,Yponomeuta.mahalebella,5,H
1251,pm1934,Hemaris.fuciformis,0,H
1252,pm1934,Iphiclides.podalirius.L,0,H
1253,pm1934,Hedya.pruniana,0,H
1254,pm1934,Orthoptera.NI,0,H
1255,pm1934,Myzus.cerasi,0,H
1256,pm1934,Aglaope.infausta,0,H
1257,pm1934,Fungus.NI,10,H
1258,pm1934,Taphrina.deformans,0,H
1259,pm1934,Ungulates,60,H
1260,pm1934,NI,0,H
1261,pm1936,Yponomeuta.mahalebella,0,H
1262,pm1936,Hemaris.fuciformis,0,H
1263,pm1936,Iphiclides.podalirius.L,18,H
1264,pm1936,Hedya.pruniana,18,H
1265,pm1936,Orthoptera.NI,8,H
1266,pm1936,Myzus.cerasi,0,H
1267,pm1936,Aglaope.infausta,5,H
1268,pm1936,Fungus.NI,5,H
1269,pm1936,Taphrina.deformans,2,H
1270,pm1936,Ungulates,10,H
1271,pm1936,NI,2,H
1272,pm1937,Yponomeuta.mahalebella,0,H
1273,pm1937,Hemaris.fuciformis,62,H
1274,pm1937,Iphiclides.podalirius.L,10,H
1275,pm1937,Hedya.pruniana,11,H
1276,pm1937,Orthoptera.NI,0,H
1277,pm1937,Myzus.cerasi,5,H
1278,pm1937,Aglaope.infausta,0,H
1279,pm1937,Fungus.NI,8,H
1280,pm1937,Taphrina.deformans,5,H
1281,pm1937,Ungulates,0,H
1282,pm1937,NI,0,H
1283,pm1938,Yponomeuta.mahalebella,0,H
1284,pm1938,Hemaris.fuciformis,0,H
1285,pm1938,Iphiclides.podalirius.L,0,H
1286,pm1938,Hedya.pruniana,5,H
1287,pm1938,Orthoptera.NI,0,H
1288,pm1938,Myzus.cerasi,0,H
1289,pm1938,Aglaope.infausta,0,H
1290,pm1938,Fungus.NI,0,H
1291,pm1938,Taphrina.deformans,0,H
1292,pm1938,Ungulates,0,H
1293,pm1938,NI,0,H
1294,pm1939,Yponomeuta.mahalebella,0,H
1295,pm1939,Hemaris.fuciformis,0,H
1296,pm1939,Iphiclides.podalirius.L,0,H
1297,pm1939,Hedya.pruniana,18,H
1298,pm1939,Orthoptera.NI,0,H
1299,pm1939,Myzus.cerasi,0,H
1300,pm1939,Aglaope.infausta,0,H
1301,pm1939,Fungus.NI,0,H
1302,pm1939,Taphrina.deformans,2,H
1303,pm1939,Ungulates,0,H
1304,pm1939,NI,0,H
1305,pm1940,Yponomeuta.mahalebella,0,H
1306,pm1940,Hemaris.fuciformis,0,H
1307,pm1940,Iphiclides.podalirius.L,5,H
1308,pm1940,Hedya.pruniana,4,H
1309,pm1940,Orthoptera.NI,0,H
1310,pm1940,Myzus.cerasi,0,H
1311,pm1940,Aglaope.infausta,11,H
1312,pm1940,Fungus.NI,30,H
1313,pm1940,Taphrina.deformans,0,H
1314,pm1940,Ungulates,60,H
1315,pm1940,NI,0,H
1316,pm1921,Yponomeuta.mahalebella,15,H
1317,pm1921,Hemaris.fuciformis,0,H
1318,pm1921,Iphiclides.podalirius.L,0,H
1319,pm1921,Hedya.pruniana,8,H
1320,pm1921,Orthoptera.NI,0,H
1321,pm1921,Myzus.cerasi,0,H
1322,pm1921,Aglaope.infausta,10,H
1323,pm1921,Fungus.NI,30,H
1324,pm1921,Taphrina.deformans,0,H
1325,pm1921,Ungulates,0,H
1326,pm1921,NI,1,H
1327,pm1823,Yponomeuta.mahalebella,0,H
1328,pm1823,Hemaris.fuciformis,0,H
1329,pm1823,Iphiclides.podalirius.L,0,H
1330,pm1823,Hedya.pruniana,30,H
1331,pm1823,Orthoptera.NI,0,H
1332,pm1823,Myzus.cerasi,0,H
1333,pm1823,Aglaope.infausta,0,H
1334,pm1823,Fungus.NI,4,H
1335,pm1823,Taphrina.deformans,0,H
1336,pm1823,Ungulates,0,H
1337,pm1823,NI,3,H
1338,pm1824,Yponomeuta.mahalebella,0,H
1339,pm1824,Hemaris.fuciformis,0,H
1340,pm1824,Iphiclides.podalirius.L,0,H
1341,pm1824,Hedya.pruniana,10,H
1342,pm1824,Orthoptera.NI,0,H
1343,pm1824,Myzus.cerasi,0,H
1344,pm1824,Aglaope.infausta,0,H
1345,pm1824,Fungus.NI,11,H
1346,pm1824,Taphrina.deformans,0,H
1347,pm1824,Ungulates,0,H
1348,pm1824,NI,0,H
1349,pm1820,Yponomeuta.mahalebella,20,H
1350,pm1820,Hemaris.fuciformis,0,H
1351,pm1820,Iphiclides.podalirius.L,0,H
1352,pm1820,Hedya.pruniana,0,H
1353,pm1820,Orthoptera.NI,2,H
1354,pm1820,Myzus.cerasi,20,H
1355,pm1820,Aglaope.infausta,0,H
1356,pm1820,Fungus.NI,0,H
1357,pm1820,Taphrina.deformans,0,H
1358,pm1820,Ungulates,0,H
1359,pm1820,NI,1,H
1360,pm1825,Yponomeuta.mahalebella,0,H
1361,pm1825,Hemaris.fuciformis,0,H
1362,pm1825,Iphiclides.podalirius.L,0,H
1363,pm1825,Hedya.pruniana,8,H
1364,pm1825,Orthoptera.NI,0,H
1365,pm1825,Myzus.cerasi,0,H
1366,pm1825,Aglaope.infausta,0,H
1367,pm1825,Fungus.NI,0,H
1368,pm1825,Taphrina.deformans,0,H
1369,pm1825,Ungulates,0,H
1370,pm1825,NI,0,H
1371,pm1929,Yponomeuta.mahalebella,8,H
1372,pm1929,Hemaris.fuciformis,0,H
1373,pm1929,Iphiclides.podalirius.L,0,H
1374,pm1929,Hedya.pruniana,41,H
1375,pm1929,Orthoptera.NI,5,H
1376,pm1929,Myzus.cerasi,0,H
1377,pm1929,Aglaope.infausta,5,H
1378,pm1929,Fungus.NI,3,H
1379,pm1929,Taphrina.deformans,0,H
1380,pm1929,Ungulates,0,H
1381,pm1929,NI,0,H
1382,pm8801,Yponomeuta.mahalebella,0,H
1383,pm8801,Hemaris.fuciformis,0,H
1384,pm8801,Iphiclides.podalirius.L,0,H
1385,pm8801,Hedya.pruniana,23,H
1386,pm8801,Orthoptera.NI,0,H
1387,pm8801,Myzus.cerasi,0,H
1388,pm8801,Aglaope.infausta,0,H
1389,pm8801,Fungus.NI,0,H
1390,pm8801,Taphrina.deformans,0,H
1391,pm8801,Ungulates,0,H
1392,pm8801,NI,1,H
1393,pm8808,Yponomeuta.mahalebella,10,H
1394,pm8808,Hemaris.fuciformis,0,H
1395,pm8808,Iphiclides.podalirius.L,0,H
1396,pm8808,Hedya.pruniana,6,H
1397,pm8808,Orthoptera.NI,0,H
1398,pm8808,Myzus.cerasi,5,H
1399,pm8808,Aglaope.infausta,0,H
1400,pm8808,Fungus.NI,0,H
1401,pm8808,Taphrina.deformans,0,H
1402,pm8808,Ungulates,0,H
1403,pm8808,NI,0,H
1404,pm8814,Yponomeuta.mahalebella,0,H
1405,pm8814,Hemaris.fuciformis,0,H
1406,pm8814,Iphiclides.podalirius.L,0,H
1407,pm8814,Hedya.pruniana,12,H
1408,pm8814,Orthoptera.NI,0,H
1409,pm8814,Myzus.cerasi,0,H
1410,pm8814,Aglaope.infausta,0,H
1411,pm8814,Fungus.NI,0,H
1412,pm8814,Taphrina.deformans,0,H
1413,pm8814,Ungulates,0,H
1414,pm8814,NI,0,H
1415,pm8865,Yponomeuta.mahalebella,0,H
1416,pm8865,Hemaris.fuciformis,0,H
1417,pm8865,Iphiclides.podalirius.L,0,H
1418,pm8865,Hedya.pruniana,21,H
1419,pm8865,Orthoptera.NI,0,H
1420,pm8865,Myzus.cerasi,0,H
1421,pm8865,Aglaope.infausta,0,H
1422,pm8865,Fungus.NI,0,H
1423,pm8865,Taphrina.deformans,0,H
1424,pm8865,Ungulates,0,H
1425,pm8865,NI,0,H
